v0,v1,v2,v3,v4,v5,v6,v7,v8,v9,v10,v11,v12,v13,v14,v15,v16,v17,v18,v19,v20,v21,v22,v23,v24,v25,v26,v27,v28,v29,v30,v31,v32,v33,v34,v35,v36,v37,v38,v39,v40,v41,v42,v43,v44,v45,v46,v47,v48,v49,v50,v51,v52,v53,v54,v55,v56,v57,v58,v59,v60,v61,v62,v63,v64,v65,v66,v67,v68,v69,v70
P0,R2,A155,A173,A231,A38,A113,A51,A193,A78,A161,A83,A165,A69,A201,A134,A87,A14,A121,,,,,,,,,,,,,,,,,,,,,,,,,,,,,,,,,,,,,,,,,,,,,,,,,,,,
P1,R9,R136,A0,A6,A69,A14,A134,A13,A78,A27,A83,A87,A155,A230,A38,A42,A165,A171,A173,A51,A187,A253,A121,A255,,,,,,,,,,,,,,,,,,,,,,,,,,,,,,,,,,,,,,,,,,,,,,
P2,R13,A173,A231,A210,A113,A51,A38,A193,A78,A161,A164,A165,A80,A69,A201,A134,A87,A14,A121,A83,,,,,,,,,,,,,,,,,,,,,,,,,,,,,,,,,,,,,,,,,,,,,,,,,,
P3,R30,A173,A35,A38,A211,A51,A78,A83,A165,A69,A134,A87,A14,A121,A241,,,,,,,,,,,,,,,,,,,,,,,,,,,,,,,,,,,,,,,,,,,,,,,,,,,,,,,
P4,R58,A0,A6,A69,A14,A134,A13,A78,A27,A83,A87,A35,A230,A38,A42,A165,A237,A171,A173,A112,A245,A51,A187,A253,A121,,,,,,,,,,,,,,,,,,,,,,,,,,,,,,,,,,,,,,,,,,,,,
P5,R80,A173,A0,A230,A38,A51,A6,A78,A42,A14,A27,A165,A69,A187,A253,A134,A87,A13,A121,A83,A171,,,,,,,,,,,,,,,,,,,,,,,,,,,,,,,,,,,,,,,,,,,,,,,,,
P6,R82,R313,A155,A173,A35,A38,A51,A78,A79,A83,A165,A69,A134,A87,A14,A121,,,,,,,,,,,,,,,,,,,,,,,,,,,,,,,,,,,,,,,,,,,,,,,,,,,,,,
P7,R92,A124,A0,A6,A69,A14,A134,A13,A208,A211,A78,A27,A83,A142,A87,A35,A230,A38,A42,A165,A237,A171,A173,A112,A245,A51,A181,A187,A253,A121,,,,,,,,,,,,,,,,,,,,,,,,,,,,,,,,,,,,,,,,
P8,R118,A0,A6,A69,A14,A13,A134,A204,A73,A20,A138,A78,A79,A27,A81,A83,A28,A144,A30,A87,A225,A93,A155,A35,A36,A229,A230,A38,A42,A160,A165,A238,A237,A106,A171,A240,A173,A112,A245,A51,A246,A53,A116,A187,A253,A120,A254,A121,A255,,,,,,,,,,,,,,,,,,,,,
P9,R124,A0,A6,A193,A69,A201,A14,A13,A134,A78,A27,A83,A87,A230,A231,A38,A42,A161,A165,A171,A173,A113,A51,A187,A253,A121,,,,,,,,,,,,,,,,,,,,,,,,,,,,,,,,,,,,,,,,,,,,
P10,R132,A0,A6,A69,A14,A134,A13,A78,A83,A27,A142,A87,A230,A38,A42,A165,A171,A173,A51,A187,A253,A121,,,,,,,,,,,,,,,,,,,,,,,,,,,,,,,,,,,,,,,,,,,,,,,,
P11,R206,R533,R667,A155,A173,A38,A51,A78,A83,A165,A69,A134,A87,A14,A121,,,,,,,,,,,,,,,,,,,,,,,,,,,,,,,,,,,,,,,,,,,,,,,,,,,,,,,
P12,R208,A0,A6,A69,A14,A13,A134,A78,A27,A83,A143,A85,A87,A89,A35,A230,A231,A38,A42,A161,A165,A237,A171,A173,A112,A113,A51,A180,A245,A187,A253,A121,,,,,,,,,,,,,,,,,,,,,,,,,,,,,,,,,,,,,,
P13,R266,A0,A6,A69,A14,A13,A134,A73,A20,A138,A78,A79,A27,A81,A83,A30,A87,A225,A93,A155,A35,A229,A230,A38,A42,A160,A165,A237,A106,A171,A240,A173,A112,A245,A51,A246,A53,A116,A187,A253,A254,A121,A255,,,,,,,,,,,,,,,,,,,,,,,,,,,
P14,R303,A173,A35,A38,A51,A78,A83,A165,A69,A134,A87,A14,A121,,,,,,,,,,,,,,,,,,,,,,,,,,,,,,,,,,,,,,,,,,,,,,,,,,,,,,,,,
P15,R327,A173,A35,A231,A38,A113,A51,A193,A78,A161,A83,A165,A69,A201,A134,A87,A14,A121,,,,,,,,,,,,,,,,,,,,,,,,,,,,,,,,,,,,,,,,,,,,,,,,,,,,
P16,R362,A173,A231,A38,A113,A51,A193,A78,A161,A83,A165,A69,A201,A134,A87,A14,A121,,,,,,,,,,,,,,,,,,,,,,,,,,,,,,,,,,,,,,,,,,,,,,,,,,,,,
P17,R391,A0,A6,A69,A14,A134,A13,A18,A210,A78,A80,A27,A142,A83,A87,A230,A231,A38,A42,A161,A164,A165,A171,A173,A113,A51,A187,A253,A121,,,,,,,,,,,,,,,,,,,,,,,,,,,,,,,,,,,,,,,,,
P18,R418,A173,A38,A51,A78,A83,A165,A69,A134,A87,A14,A121,,,,,,,,,,,,,,,,,,,,,,,,,,,,,,,,,,,,,,,,,,,,,,,,,,,,,,,,,,
P19,R524,A0,A6,A69,A14,A134,A13,A78,A27,A83,A87,A155,A230,A231,A38,A42,A161,A165,A171,A173,A113,A51,A187,A253,A121,A255,,,,,,,,,,,,,,,,,,,,,,,,,,,,,,,,,,,,,,,,,,,,
P20,R531,A173,A35,A231,A38,A113,A51,A78,A161,A83,A165,A69,A134,A87,A14,A121,,,,,,,,,,,,,,,,,,,,,,,,,,,,,,,,,,,,,,,,,,,,,,,,,,,,,,
P21,R545,A0,A6,A69,A14,A134,A13,A78,A27,A83,A142,A87,A155,A230,A38,A42,A165,A171,A173,A51,A187,A253,A121,A255,,,,,,,,,,,,,,,,,,,,,,,,,,,,,,,,,,,,,,,,,,,,,,
P22,R548,A173,A231,A210,A113,A51,A38,A78,A161,A164,A165,A80,A69,A134,A83,A87,A14,A121,,,,,,,,,,,,,,,,,,,,,,,,,,,,,,,,,,,,,,,,,,,,,,,,,,,,
P23,R552,A155,A173,A231,A38,A113,A51,A78,A161,A83,A165,A69,A134,A87,A14,A121,,,,,,,,,,,,,,,,,,,,,,,,,,,,,,,,,,,,,,,,,,,,,,,,,,,,,,
P24,R626,A155,A173,A35,A38,A211,A51,A78,A79,A83,A165,A69,A134,A87,A14,A121,,,,,,,,,,,,,,,,,,,,,,,,,,,,,,,,,,,,,,,,,,,,,,,,,,,,,,
P25,R675,A155,A173,A231,A210,A113,A51,A38,A78,A161,A164,A165,A80,A69,A134,A83,A87,A14,A121,,,,,,,,,,,,,,,,,,,,,,,,,,,,,,,,,,,,,,,,,,,,,,,,,,,
P26,R720,A173,A35,A38,A211,A51,A78,A83,A165,A69,A134,A87,A14,A121,,,,,,,,,,,,,,,,,,,,,,,,,,,,,,,,,,,,,,,,,,,,,,,,,,,,,,,,
P27,R805,A0,A6,A69,A14,A134,A13,A22,A78,A27,A83,A142,A87,A230,A38,A42,A165,A171,A173,A51,A187,A253,A121,,,,,,,,,,,,,,,,,,,,,,,,,,,,,,,,,,,,,,,,,,,,,,,
P28,R826,A0,A6,A69,A14,A134,A13,A78,A27,A83,A87,A88,A35,A230,A38,A42,A165,A237,A171,A173,A112,A245,A51,A187,A253,A121,,,,,,,,,,,,,,,,,,,,,,,,,,,,,,,,,,,,,,,,,,,,
P29,R875,A173,A35,A231,A210,A113,A51,A211,A38,A78,A161,A164,A165,A80,A69,A134,A83,A87,A14,A121,,,,,,,,,,,,,,,,,,,,,,,,,,,,,,,,,,,,,,,,,,,,,,,,,,
P30,R938,A155,A173,A35,A231,A38,A113,A51,A78,A161,A79,A83,A165,A69,A134,A87,A14,A121,,,,,,,,,,,,,,,,,,,,,,,,,,,,,,,,,,,,,,,,,,,,,,,,,,,,
P31,R945,A0,A6,A69,A14,A134,A13,A78,A27,A83,A87,A230,A231,A38,A42,A161,A165,A171,A173,A113,A51,A187,A253,A121,,,,,,,,,,,,,,,,,,,,,,,,,,,,,,,,,,,,,,,,,,,,,,
P32,R0,R8,R21,R64,R85,R108,R125,R189,R193,R204,R211,R242,R256,R265,R272,R289,R294,R296,R325,R336,R371,R373,R377,R425,R441,R470,R497,R522,R555,R557,R573,R587,R605,R612,R619,R682,R685,R692,R700,R710,R725,R739,R746,R762,R804,R807,R809,R816,R853,R873,R887,R888,R916,R935,R951,R965,A92,A64,A97,A66,A5,A23,A41,A43,A45,A9,A252,A10,A148,A122
P33,R6,R170,R257,R428,R451,R574,R691,R778,R921,R934,A64,A3,A66,A5,A195,A9,A198,A10,A12,A23,A148,A156,A95,A226,A92,A33,A97,A41,A43,A45,A252,A61,A122,,,,,,,,,,,,,,,,,,,,,,,,,,,,,,,,,,,,,
P34,R10,R11,R87,R214,R251,R366,R384,R427,R651,R740,R870,R914,R929,R958,R985,A92,A64,A3,A97,A66,A5,A23,A41,A43,A45,A9,A252,A198,A10,A148,A61,A122,A156,,,,,,,,,,,,,,,,,,,,,,,,,,,,,,,,,,,,,
P35,R20,R173,R396,R426,R519,R534,R607,R694,R730,R741,R827,R987,A92,A64,A243,A97,A66,A5,A23,A41,A54,A43,A45,A9,A252,A10,A58,A166,A148,A122,,,,,,,,,,,,,,,,,,,,,,,,,,,,,,,,,,,,,,,,
P36,R35,R290,A92,A64,A0,A22,A97,A66,A5,A23,A41,A43,A45,A9,A252,A198,A142,A200,A10,A148,A122,A17,,,,,,,,,,,,,,,,,,,,,,,,,,,,,,,,,,,,,,,,,,,,,,,,
P37,R65,R749,A64,A0,A1,A3,A66,A126,A5,A129,A130,A9,A198,A68,A200,A10,A62,A72,A17,A21,A22,A75,A23,A142,A148,A156,A91,A92,A97,A233,A41,A43,A45,A239,A177,A184,A252,A61,A122,A255,A188,,,,,,,,,,,,,,,,,,,,,,,,,,,,,
P38,R86,R568,R879,R942,A64,A1,A3,A66,A126,A5,A129,A130,A9,A198,A68,A10,A72,A21,A75,A23,A148,A156,A91,A227,A92,A97,A41,A43,A166,A45,A239,A243,A177,A54,A184,A252,A58,A61,A122,A188,,,,,,,,,,,,,,,,,,,,,,,,,,,,,,
P39,R90,R270,A64,A1,A3,A66,A126,A5,A195,A129,A9,A198,A68,A10,A130,A12,A72,A21,A75,A76,A23,A141,A219,A148,A152,A156,A91,A226,A92,A33,A95,A97,A41,A43,A45,A239,A177,A179,A184,A252,A61,A122,A188,,,,,,,,,,,,,,,,,,,,,,,,,,,
P40,R91,R592,R666,R754,A64,A1,A3,A66,A126,A5,A129,A130,A9,A198,A68,A10,A62,A72,A21,A75,A23,A148,A156,A91,A92,A97,A233,A41,A43,A45,A239,A177,A184,A252,A61,A122,A188,,,,,,,,,,,,,,,,,,,,,,,,,,,,,,,,,
P41,R94,R228,R271,R287,R328,R436,R468,R543,R595,R872,A64,A3,A66,A5,A195,A9,A198,A10,A12,A23,A148,A152,A156,A95,A226,A92,A33,A97,A41,A43,A45,A252,A61,A122,,,,,,,,,,,,,,,,,,,,,,,,,,,,,,,,,,,,
P42,R96,R815,A64,A1,A3,A66,A126,A5,A195,A129,A9,A198,A68,A10,A62,A12,A130,A72,A21,A75,A76,A23,A141,A219,A148,A156,A91,A226,A92,A33,A95,A97,A233,A41,A43,A45,A239,A177,A179,A184,A252,A61,A122,A188,,,,,,,,,,,,,,,,,,,,,,,,,,
P43,R131,R145,R188,R546,R817,A64,A0,A1,A3,A66,A126,A5,A129,A130,A9,A198,A68,A200,A10,A72,A17,A21,A22,A75,A23,A142,A148,A156,A91,A92,A97,A41,A43,A45,A239,A177,A184,A252,A61,A122,A255,A188,,,,,,,,,,,,,,,,,,,,,,,,,,,,
P44,R141,R338,R769,A64,A1,A3,A66,A126,A5,A195,A129,A9,A198,A10,A12,A72,A75,A76,A23,A141,A219,A148,A156,A91,A226,A92,A33,A95,A97,A41,A43,A45,A179,A184,A252,A61,A122,A188,,,,,,,,,,,,,,,,,,,,,,,,,,,,,,,,
P45,R148,R181,R282,R538,R684,R750,R844,R927,A92,A64,A243,A97,A66,A5,A23,A41,A54,A43,A45,A185,A9,A252,A10,A58,A166,A148,A122,,,,,,,,,,,,,,,,,,,,,,,,,,,,,,,,,,,,,,,,,,,
P46,R172,R236,A64,A1,A3,A66,A126,A5,A195,A129,A9,A198,A68,A10,A130,A12,A72,A21,A75,A76,A23,A141,A219,A148,A156,A91,A226,A92,A33,A95,A97,A41,A43,A45,A239,A177,A179,A184,A252,A61,A122,A188,,,,,,,,,,,,,,,,,,,,,,,,,,,,
P47,R209,R229,R401,A64,A1,A3,A66,A126,A5,A195,A129,A9,A198,A10,A12,A72,A75,A76,A23,A141,A219,A148,A156,A91,A226,A92,A33,A227,A95,A97,A41,A43,A45,A179,A184,A252,A61,A122,A188,,,,,,,,,,,,,,,,,,,,,,,,,,,,,,,
P48,R235,R570,A64,A1,A3,A66,A126,A5,A129,A130,A9,A198,A68,A10,A72,A21,A75,A23,A148,A156,A91,A92,A97,A41,A43,A45,A239,A177,A184,A252,A61,A122,A188,,,,,,,,,,,,,,,,,,,,,,,,,,,,,,,,,,,,,
P49,R258,R446,R859,A64,A1,A3,A66,A126,A5,A195,A129,A9,A198,A10,A12,A72,A75,A76,A23,A141,A219,A148,A152,A156,A91,A226,A92,A33,A95,A97,A41,A43,A45,A179,A184,A252,A61,A122,A188,,,,,,,,,,,,,,,,,,,,,,,,,,,,,,,
P50,R284,R334,A64,A1,A3,A66,A126,A5,A129,A130,A9,A198,A68,A10,A62,A72,A21,A75,A23,A148,A156,A91,A227,A92,A97,A233,A41,A43,A166,A45,A239,A243,A177,A54,A184,A252,A58,A61,A122,A188,,,,,,,,,,,,,,,,,,,,,,,,,,,,,,
P51,R297,R329,R435,R537,A64,A1,A3,A66,A126,A5,A129,A9,A198,A10,A72,A75,A23,A148,A156,A91,A92,A97,A41,A43,A45,A184,A252,A61,A122,A188,,,,,,,,,,,,,,,,,,,,,,,,,,,,,,,,,,,,,,,,
P52,R310,R743,A64,A0,A1,A3,A66,A126,A5,A6,A129,A130,A9,A198,A68,A200,A10,A13,A72,A17,A21,A22,A75,A23,A27,A142,A148,A156,A91,A227,A92,A230,A97,A41,A42,A98,A43,A166,A45,A239,A171,A243,A177,A249,A54,A184,A252,A187,A253,A58,A61,A122,A255,A188,,,,,,,,,,,,,,,,
P53,R321,A190,A64,A0,A66,A5,A9,A198,A10,A200,A14,A17,A22,A210,A23,A142,A148,A92,A231,A97,A41,A43,A165,A45,A252,A122,,,,,,,,,,,,,,,,,,,,,,,,,,,,,,,,,,,,,,,,,,,,
P54,R412,R445,R487,R514,R627,R659,A64,A1,A3,A66,A126,A5,A129,A9,A198,A10,A72,A75,A23,A148,A156,A91,A227,A92,A97,A41,A43,A45,A184,A252,A61,A122,A188,,,,,,,,,,,,,,,,,,,,,,,,,,,,,,,,,,,,,
P55,R554,R992,A190,A64,A1,A0,A3,A66,A126,A5,A195,A129,A9,A198,A68,A200,A10,A12,A130,A14,A72,A17,A21,A22,A75,A210,A76,A23,A141,A142,A219,A148,A156,A91,A226,A92,A33,A95,A231,A97,A41,A43,A165,A45,A239,A177,A179,A184,A252,A61,A122,A255,A188,,,,,,,,,,,,,,,,,
P56,R589,R755,A64,A1,A3,A66,A126,A5,A195,A129,A9,A198,A68,A10,A130,A12,A72,A21,A75,A76,A23,A141,A219,A148,A156,A91,A226,A92,A33,A227,A95,A97,A41,A43,A166,A45,A239,A243,A177,A179,A54,A184,A185,A252,A58,A61,A122,A188,,,,,,,,,,,,,,,,,,,,,,
P57,R655,A64,A1,A3,A66,A126,A5,A195,A129,A9,A198,A10,A12,A72,A75,A76,A23,A141,A219,A148,A152,A156,A91,A226,A92,A33,A227,A95,A97,A41,A43,A45,A179,A184,A252,A61,A122,A188,,,,,,,,,,,,,,,,,,,,,,,,,,,,,,,,
P58,R991,A64,A0,A66,A5,A6,A9,A198,A10,A200,A13,A17,A22,A23,A27,A142,A148,A92,A230,A97,A41,A42,A98,A43,A166,A45,A171,A243,A249,A54,A252,A187,A253,A58,A122,,,,,,,,,,,,,,,,,,,,,,,,,,,,,,,,,,,
P59,R440,R956,A244,A231,A210,A139,A180,A6,A78,A161,A100,A234,A163,A85,A11,A143,A131,A134,A89,,,,,,,,,,,,,,,,,,,,,,,,,,,,,,,,,,,,,,,,,,,,,,,,,,,
P60,R490,A124,A67,A128,A8,A11,A131,A203,A18,A211,A212,A77,A80,A83,A142,A146,A150,A153,A37,A38,A96,A163,A100,A234,A164,A237,A103,A108,A174,A244,A112,A245,A181,A52,A114,A55,A115,A59,,,,,,,,,,,,,,,,,,,,,,,,,,,,,,,,
P61,R33,R113,R138,R171,R261,R317,R400,R410,R465,R535,R583,R598,R644,R777,R838,R848,R863,R902,R944,R950,A231,A180,A161,A101,A196,A85,A143,A134,A89,A109,,,,,,,,,,,,,,,,,,,,,,,,,,,,,,,,,,,,,,,,
P62,R38,R47,R137,R146,R275,R356,R723,R731,R939,A71,A137,A231,A210,A180,A161,A194,A101,A196,A85,A143,A74,A134,A15,A89,A109,,,,,,,,,,,,,,,,,,,,,,,,,,,,,,,,,,,,,,,,,,,,,
P63,R50,R62,R111,R147,R178,R243,R254,R263,R299,R302,R319,R322,R340,R358,R455,R459,R505,R511,R528,R549,R648,R744,R780,R794,R795,R829,R918,R960,A71,A231,A210,A180,A161,A194,A101,A196,A143,A74,A85,A89,A109,,,,,,,,,,,,,,,,,,,,,,,,,,,,,
P64,R61,R126,R541,R717,R748,R767,R834,R943,R988,A89,A180,A161,A194,A196,A143,A85,A74,A109,,,,,,,,,,,,,,,,,,,,,,,,,,,,,,,,,,,,,,,,,,,,,,,,,,,,
P65,R66,R70,R307,R350,R376,R382,R388,R577,R608,R652,R814,R913,R952,R994,R995,A71,A231,A210,A180,A161,A194,A101,A196,A85,A143,A74,A134,A89,A109,,,,,,,,,,,,,,,,,,,,,,,,,,,,,,,,,,,,,,,,,
P66,R127,R267,R276,R306,R369,R403,R527,R745,R819,A137,A89,A180,A161,A194,A196,A85,A143,A15,A74,A109,,,,,,,,,,,,,,,,,,,,,,,,,,,,,,,,,,,,,,,,,,,,,,,,,,
P67,R183,A89,A180,A161,A194,A196,A26,A143,A85,A74,A109,,,,,,,,,,,,,,,,,,,,,,,,,,,,,,,,,,,,,,,,,,,,,,,,,,,,,,,,,,,
P68,R184,R210,R245,R278,R479,R539,R836,R878,R957,R996,A231,A180,A161,A101,A196,A143,A85,A89,A109,,,,,,,,,,,,,,,,,,,,,,,,,,,,,,,,,,,,,,,,,,,,,,,,,,,
P69,R230,R466,A71,A231,A210,A180,A161,A194,A101,A196,A11,A143,A74,A85,A89,A109,,,,,,,,,,,,,,,,,,,,,,,,,,,,,,,,,,,,,,,,,,,,,,,,,,,,,,
P70,R333,A137,A89,A181,A180,A161,A194,A196,A85,A142,A143,A15,A74,A109,,,,,,,,,,,,,,,,,,,,,,,,,,,,,,,,,,,,,,,,,,,,,,,,,,,,,,,,
P71,R389,R984,A71,A231,A210,A181,A180,A161,A194,A101,A196,A85,A142,A143,A74,A134,A89,A109,,,,,,,,,,,,,,,,,,,,,,,,,,,,,,,,,,,,,,,,,,,,,,,,,,,,
P72,R702,R852,R860,A89,A181,A180,A161,A194,A196,A142,A143,A85,A74,A109,,,,,,,,,,,,,,,,,,,,,,,,,,,,,,,,,,,,,,,,,,,,,,,,,,,,,,,,
P73,R24,R162,R422,A1,A3,A126,A195,A129,A130,A198,A12,A72,A21,A75,A76,A141,A219,A156,A91,A226,A33,A227,A95,A97,A239,A243,A179,A184,A61,A188,,,,,,,,,,,,,,,,,,,,,,,,,,,,,,,,,,,,,,,,
P74,R218,R237,R600,R693,R930,R933,A243,A21,A1,A75,A156,A72,A3,A97,A126,A129,A184,A130,A198,A61,A239,A188,A91,A227,,,,,,,,,,,,,,,,,,,,,,,,,,,,,,,,,,,,,,,,,,,,,,
P75,R231,A1,A3,A126,A195,A129,A130,A198,A12,A72,A21,A75,A76,A141,A219,A152,A156,A91,A226,A33,A227,A95,A97,A239,A243,A179,A184,A61,A188,,,,,,,,,,,,,,,,,,,,,,,,,,,,,,,,,,,,,,,,,
P76,R18,A155,A20,A138,A6,A78,A160,A53,A116,A81,A106,A134,A255,A73,,,,,,,,,,,,,,,,,,,,,,,,,,,,,,,,,,,,,,,,,,,,,,,,,,,,,,,,
P77,R71,A138,A112,A160,A216,A81,A116,A237,A106,A255,A73,,,,,,,,,,,,,,,,,,,,,,,,,,,,,,,,,,,,,,,,,,,,,,,,,,,,,,,,,,,
P78,R151,A138,A112,A204,A160,A81,A116,A28,A144,A237,A238,A106,A120,A255,A73,,,,,,,,,,,,,,,,,,,,,,,,,,,,,,,,,,,,,,,,,,,,,,,,,,,,,,,
P79,R215,A138,A112,A160,A81,A116,A237,A106,A255,A73,,,,,,,,,,,,,,,,,,,,,,,,,,,,,,,,,,,,,,,,,,,,,,,,,,,,,,,,,,,,
P80,R530,A138,A112,A181,A160,A81,A116,A142,A237,A106,A255,A73,,,,,,,,,,,,,,,,,,,,,,,,,,,,,,,,,,,,,,,,,,,,,,,,,,,,,,,,,,
P81,R56,R773,A0,A231,A210,A76,A165,A142,A14,A255,,,,,,,,,,,,,,,,,,,,,,,,,,,,,,,,,,,,,,,,,,,,,,,,,,,,,,,,,,,,
P82,R88,R699,R798,R820,A139,A231,A210,A131,,,,,,,,,,,,,,,,,,,,,,,,,,,,,,,,,,,,,,,,,,,,,,,,,,,,,,,,,,,,,,
P83,R186,R473,A76,A255,A231,A210,,,,,,,,,,,,,,,,,,,,,,,,,,,,,,,,,,,,,,,,,,,,,,,,,,,,,,,,,,,,,,,,
P84,R234,R979,A231,A210,A139,A76,A131,A71,A255,,,,,,,,,,,,,,,,,,,,,,,,,,,,,,,,,,,,,,,,,,,,,,,,,,,,,,,,,,,,,
P85,R286,R738,A0,A112,A231,A210,A212,A139,A165,A142,A131,A14,A153,,,,,,,,,,,,,,,,,,,,,,,,,,,,,,,,,,,,,,,,,,,,,,,,,,,,,,,,,
P86,R316,R361,R416,R610,R669,R673,A14,A165,A231,A210,,,,,,,,,,,,,,,,,,,,,,,,,,,,,,,,,,,,,,,,,,,,,,,,,,,,,,,,,,,,
P87,R893,A0,A231,A210,A165,A142,A14,,,,,,,,,,,,,,,,,,,,,,,,,,,,,,,,,,,,,,,,,,,,,,,,,,,,,,,,,,,,,,,
P88,R7,R253,R485,R713,A1,A75,A72,A3,A97,A126,A129,A184,A198,A61,A156,A188,A91,A227,,,,,,,,,,,,,,,,,,,,,,,,,,,,,,,,,,,,,,,,,,,,,,,,,,,,
P89,R25,R419,R831,R862,A21,A1,A75,A156,A72,A3,A97,A126,A129,A184,A130,A198,A61,A239,A188,A91,,,,,,,,,,,,,,,,,,,,,,,,,,,,,,,,,,,,,,,,,,,,,,,,,,
P90,R48,R53,R349,A1,A3,A126,A195,A129,A198,A12,A72,A75,A76,A141,A219,A152,A156,A91,A226,A33,A227,A95,A97,A179,A184,A61,A188,,,,,,,,,,,,,,,,,,,,,,,,,,,,,,,,,,,,,,,,,,,
P91,R104,R187,R420,A1,A3,A126,A195,A129,A130,A198,A12,A72,A21,A75,A76,A141,A219,A152,A156,A91,A226,A33,A95,A97,A239,A179,A184,A61,A188,,,,,,,,,,,,,,,,,,,,,,,,,,,,,,,,,,,,,,,,,
P92,R372,A1,A3,A126,A195,A129,A198,A12,A72,A75,A76,A141,A219,A156,A91,A226,A33,A95,A97,A179,A184,A61,A188,,,,,,,,,,,,,,,,,,,,,,,,,,,,,,,,,,,,,,,,,,,,,,,
P93,R390,R506,R880,A1,A3,A126,A195,A129,A198,A12,A72,A75,A76,A141,A219,A156,A91,A227,A33,A226,A95,A97,A179,A184,A61,A188,,,,,,,,,,,,,,,,,,,,,,,,,,,,,,,,,,,,,,,,,,,,
P94,R481,R520,R544,A1,A3,A126,A195,A129,A198,A12,A72,A75,A76,A141,A219,A152,A156,A91,A226,A33,A95,A97,A179,A184,A61,A188,,,,,,,,,,,,,,,,,,,,,,,,,,,,,,,,,,,,,,,,,,,,
P95,R496,R793,R964,A1,A3,A126,A195,A129,A130,A198,A12,A72,A21,A75,A76,A141,A219,A156,A91,A226,A33,A95,A97,A239,A179,A184,A61,A188,,,,,,,,,,,,,,,,,,,,,,,,,,,,,,,,,,,,,,,,,,
P96,R578,A1,A75,A72,A3,A97,A126,A129,A184,A198,A61,A156,A188,A91,,,,,,,,,,,,,,,,,,,,,,,,,,,,,,,,,,,,,,,,,,,,,,,,,,,,,,,,
P97,R74,R291,R308,R494,R765,R976,A0,A230,A6,A255,A42,A27,A187,A253,A13,A171,,,,,,,,,,,,,,,,,,,,,,,,,,,,,,,,,,,,,,,,,,,,,,,,,,,,,,
P98,R117,R219,R732,R909,A0,A230,A6,A255,A42,A27,A142,A187,A253,A13,A171,,,,,,,,,,,,,,,,,,,,,,,,,,,,,,,,,,,,,,,,,,,,,,,,,,,,,,,
P99,R157,A0,A21,A22,A230,A6,A255,A42,A27,A142,A187,A253,A13,A171,,,,,,,,,,,,,,,,,,,,,,,,,,,,,,,,,,,,,,,,,,,,,,,,,,,,,,,,
P100,R499,R759,A0,A230,A6,A42,A27,A253,A187,A13,A171,,,,,,,,,,,,,,,,,,,,,,,,,,,,,,,,,,,,,,,,,,,,,,,,,,,,,,,,,,,
P101,R633,R961,A0,A22,A230,A6,A42,A27,A142,A187,A253,A13,A171,,,,,,,,,,,,,,,,,,,,,,,,,,,,,,,,,,,,,,,,,,,,,,,,,,,,,,,,,
P102,R1,R97,R135,R312,R458,R601,R602,R628,R674,R718,R736,R842,R850,R894,R896,A33,A41,A195,A148,A122,A95,A226,,,,,,,,,,,,,,,,,,,,,,,,,,,,,,,,,,,,,,,,,,,,,,,,
P103,R16,R847,R948,A41,A98,A122,A142,A200,A239,A255,,,,,,,,,,,,,,,,,,,,,,,,,,,,,,,,,,,,,,,,,,,,,,,,,,,,,,,,,,,,
P104,R31,R34,R55,R84,R165,R205,R216,R311,R478,R516,R559,R580,R613,R716,R760,R832,R857,R891,A41,A122,,,,,,,,,,,,,,,,,,,,,,,,,,,,,,,,,,,,,,,,,,,,,,,,,,
P105,R39,R176,R295,R705,R722,R824,R835,R890,R949,R959,A33,A179,A41,A76,A141,A195,A184,A219,A148,A122,A95,A226,,,,,,,,,,,,,,,,,,,,,,,,,,,,,,,,,,,,,,,,,,,,,,,,
P106,R69,R318,R386,R437,R456,R542,R581,R645,R683,R733,R830,R864,R882,R899,A41,A122,A148,,,,,,,,,,,,,,,,,,,,,,,,,,,,,,,,,,,,,,,,,,,,,,,,,,,,,
P107,R107,R434,R884,A33,A239,A179,A41,A76,A141,A195,A184,A219,A148,A122,A95,A226,,,,,,,,,,,,,,,,,,,,,,,,,,,,,,,,,,,,,,,,,,,,,,,,,,,,,,
P108,R305,R661,R986,A41,A122,A142,A200,A239,A255,,,,,,,,,,,,,,,,,,,,,,,,,,,,,,,,,,,,,,,,,,,,,,,,,,,,,,,,,,,,,
P109,R343,R484,R664,R790,R822,R962,A41,A185,A122,A148,,,,,,,,,,,,,,,,,,,,,,,,,,,,,,,,,,,,,,,,,,,,,,,,,,,,,,,,,,,,
P110,R357,R503,R621,R833,A41,A122,A239,,,,,,,,,,,,,,,,,,,,,,,,,,,,,,,,,,,,,,,,,,,,,,,,,,,,,,,,,,,,,,,
P111,R402,R639,R974,A33,A239,A179,A41,A76,A141,A195,A184,A185,A219,A148,A122,A95,A226,,,,,,,,,,,,,,,,,,,,,,,,,,,,,,,,,,,,,,,,,,,,,,,,,,,,,
P112,R432,A41,A122,A182,A148,,,,,,,,,,,,,,,,,,,,,,,,,,,,,,,,,,,,,,,,,,,,,,,,,,,,,,,,,,,,,,,,,
P113,R447,R566,A33,A239,A179,A41,A76,A141,A195,A184,A142,A200,A219,A148,A14,A122,A255,A95,A226,,,,,,,,,,,,,,,,,,,,,,,,,,,,,,,,,,,,,,,,,,,,,,,,,,,
P114,R783,A195,A200,A14,A76,A141,A142,A219,A148,A95,A32,A33,A226,A41,A98,A239,A179,A184,A185,A58,A122,A255,,,,,,,,,,,,,,,,,,,,,,,,,,,,,,,,,,,,,,,,,,,,,,,,
P115,R1001,A33,A239,A179,A41,A76,A255,A141,A195,A184,A142,A200,A131,A148,A219,A14,A122,A46,A95,A226,,,,,,,,,,,,,,,,,,,,,,,,,,,,,,,,,,,,,,,,,,,,,,,,,,
P116,R22,R326,R406,R662,R975,A33,A3,A95,A195,A198,A12,A61,A156,A226,,,,,,,,,,,,,,,,,,,,,,,,,,,,,,,,,,,,,,,,,,,,,,,,,,,,,,,,
P117,R161,R197,R279,R640,R712,R727,R801,R841,R849,R932,A33,A3,A95,A195,A198,A12,A61,A152,A156,A226,,,,,,,,,,,,,,,,,,,,,,,,,,,,,,,,,,,,,,,,,,,,,,,,,,
P118,R57,R130,R512,R647,R821,A112,A212,A142,A131,A153,,,,,,,,,,,,,,,,,,,,,,,,,,,,,,,,,,,,,,,,,,,,,,,,,,,,,,,,,,,,
P119,R752,A114,A55,A67,A128,A108,A59,A237,A103,A150,A146,,,,,,,,,,,,,,,,,,,,,,,,,,,,,,,,,,,,,,,,,,,,,,,,,,,,,,,,,,,
P120,R102,R203,A0,A112,A231,A165,A14,,,,,,,,,,,,,,,,,,,,,,,,,,,,,,,,,,,,,,,,,,,,,,,,,,,,,,,,,,,,,,,
P121,R156,R776,A0,A112,A231,A165,A14,A255,,,,,,,,,,,,,,,,,,,,,,,,,,,,,,,,,,,,,,,,,,,,,,,,,,,,,,,,,,,,,,
P122,R174,R252,R255,R346,A14,A165,A231,,,,,,,,,,,,,,,,,,,,,,,,,,,,,,,,,,,,,,,,,,,,,,,,,,,,,,,,,,,,,,,
P123,R240,A231,,,,,,,,,,,,,,,,,,,,,,,,,,,,,,,,,,,,,,,,,,,,,,,,,,,,,,,,,,,,,,,,,,,,
P124,R344,R846,A0,A231,A165,A14,A255,,,,,,,,,,,,,,,,,,,,,,,,,,,,,,,,,,,,,,,,,,,,,,,,,,,,,,,,,,,,,,,
P125,R443,R786,A0,A112,A231,A153,,,,,,,,,,,,,,,,,,,,,,,,,,,,,,,,,,,,,,,,,,,,,,,,,,,,,,,,,,,,,,,,
P126,R690,A14,A0,A165,A231,,,,,,,,,,,,,,,,,,,,,,,,,,,,,,,,,,,,,,,,,,,,,,,,,,,,,,,,,,,,,,,,,
P127,R179,R492,A19,A207,A34,A175,A125,A197,A131,A107,,,,,,,,,,,,,,,,,,,,,,,,,,,,,,,,,,,,,,,,,,,,,,,,,,,,,,,,,,,,
P128,R4,R73,R324,R642,R679,R867,A33,A179,A76,A141,A195,A184,A219,A148,A14,A95,A226,,,,,,,,,,,,,,,,,,,,,,,,,,,,,,,,,,,,,,,,,,,,,,,,,,,,,
P129,R17,R192,R617,R636,R729,R982,A33,A95,A195,A226,,,,,,,,,,,,,,,,,,,,,,,,,,,,,,,,,,,,,,,,,,,,,,,,,,,,,,,,,,,,
P130,R29,R36,R51,R95,R152,R153,R226,R238,R247,R269,R351,R370,R395,R413,R453,R584,R632,R643,R663,R670,R697,R708,R799,R908,R936,R1002,A33,A179,A76,A141,A195,A184,A219,A95,A226,,,,,,,,,,,,,,,,,,,,,,,,,,,,,,,,,,,
P131,R37,R281,R355,R363,R364,R414,R676,R735,R810,R989,A33,A179,A76,A141,A195,A184,A219,A239,A95,A226,,,,,,,,,,,,,,,,,,,,,,,,,,,,,,,,,,,,,,,,,,,,,,,,,,
P132,R40,R133,R194,R199,R200,R207,R233,R246,R523,R590,R609,R637,R680,R709,R714,R719,R811,R937,R955,A33,A179,A76,A141,A195,A184,A219,A148,A95,A226,,,,,,,,,,,,,,,,,,,,,,,,,,,,,,,,,,,,,,,,,
P133,R49,R461,R564,R597,R724,R919,A33,A179,A76,A141,A195,A184,A185,A219,A148,A95,A226,,,,,,,,,,,,,,,,,,,,,,,,,,,,,,,,,,,,,,,,,,,,,,,,,,,,,
P134,R339,R433,R585,R920,A33,A179,A76,A141,A195,A184,A185,A219,A148,A14,A95,A226,,,,,,,,,,,,,,,,,,,,,,,,,,,,,,,,,,,,,,,,,,,,,,,,,,,,,,
P135,R110,A0,A22,A165,A142,A14,,,,,,,,,,,,,,,,,,,,,,,,,,,,,,,,,,,,,,,,,,,,,,,,,,,,,,,,,,,,,,,,
P136,R120,R417,R424,R469,R881,A14,A165,,,,,,,,,,,,,,,,,,,,,,,,,,,,,,,,,,,,,,,,,,,,,,,,,,,,,,,,,,,,,,,
P137,R250,R889,R903,A0,A112,A165,A142,A14,A255,,,,,,,,,,,,,,,,,,,,,,,,,,,,,,,,,,,,,,,,,,,,,,,,,,,,,,,,,,,,,
P138,R277,R904,A0,A21,A22,A165,A142,A14,A255,,,,,,,,,,,,,,,,,,,,,,,,,,,,,,,,,,,,,,,,,,,,,,,,,,,,,,,,,,,,,
P139,R354,R895,R953,A0,A112,A165,A14,A255,,,,,,,,,,,,,,,,,,,,,,,,,,,,,,,,,,,,,,,,,,,,,,,,,,,,,,,,,,,,,,
P140,R498,A14,A0,A165,A112,,,,,,,,,,,,,,,,,,,,,,,,,,,,,,,,,,,,,,,,,,,,,,,,,,,,,,,,,,,,,,,,,
P141,R586,A0,A165,A142,A14,A255,,,,,,,,,,,,,,,,,,,,,,,,,,,,,,,,,,,,,,,,,,,,,,,,,,,,,,,,,,,,,,,,
P142,R634,A0,A22,A112,A165,A142,A70,A14,,,,,,,,,,,,,,,,,,,,,,,,,,,,,,,,,,,,,,,,,,,,,,,,,,,,,,,,,,,,,,
P143,R635,A0,A112,A165,A142,A14,,,,,,,,,,,,,,,,,,,,,,,,,,,,,,,,,,,,,,,,,,,,,,,,,,,,,,,,,,,,,,,,
P144,R823,A93,A20,A240,A229,A53,A30,A254,A14,A255,A225,,,,,,,,,,,,,,,,,,,,,,,,,,,,,,,,,,,,,,,,,,,,,,,,,,,,,,,,,,,
P145,R905,A14,A0,A165,A255,,,,,,,,,,,,,,,,,,,,,,,,,,,,,,,,,,,,,,,,,,,,,,,,,,,,,,,,,,,,,,,,,
P146,R163,R508,R771,A20,A138,A6,A78,A160,A53,A116,A81,A106,A134,A255,,,,,,,,,,,,,,,,,,,,,,,,,,,,,,,,,,,,,,,,,,,,,,,,,,,,,,,,
P147,R168,R892,R924,R972,A124,A20,A138,A38,A112,A211,A245,A181,A6,A78,A160,A53,A83,A116,A142,A81,A237,A106,A134,A255,,,,,,,,,,,,,,,,,,,,,,,,,,,,,,,,,,,,,,,,,,,,,,
P148,R320,R399,A20,A138,A38,A112,A245,A6,A78,A160,A53,A83,A116,A81,A106,A237,A134,A255,,,,,,,,,,,,,,,,,,,,,,,,,,,,,,,,,,,,,,,,,,,,,,,,,,,,
P149,R517,R593,A138,A112,A181,A160,A116,A81,A142,A237,A145,A106,A255,,,,,,,,,,,,,,,,,,,,,,,,,,,,,,,,,,,,,,,,,,,,,,,,,,,,,,,,,
P150,R164,R898,A155,A38,A245,A160,A83,A116,A81,A238,A237,,,,,,,,,,,,,,,,,,,,,,,,,,,,,,,,,,,,,,,,,,,,,,,,,,,,,,,,,,,
P151,R167,R368,A124,A112,A38,A211,A245,A181,A114,A83,A142,A237,A108,A18,,,,,,,,,,,,,,,,,,,,,,,,,,,,,,,,,,,,,,,,,,,,,,,,,,,,,,,,
P152,R845,A124,A112,A38,A211,A245,A181,A83,A142,A237,,,,,,,,,,,,,,,,,,,,,,,,,,,,,,,,,,,,,,,,,,,,,,,,,,,,,,,,,,,,
P153,R268,R285,R839,A0,A22,A21,A142,A255,,,,,,,,,,,,,,,,,,,,,,,,,,,,,,,,,,,,,,,,,,,,,,,,,,,,,,,,,,,,,,
P154,R81,R347,R625,R668,R802,A0,A255,A142,,,,,,,,,,,,,,,,,,,,,,,,,,,,,,,,,,,,,,,,,,,,,,,,,,,,,,,,,,,,,,
P155,R83,A112,A142,A71,A255,A153,,,,,,,,,,,,,,,,,,,,,,,,,,,,,,,,,,,,,,,,,,,,,,,,,,,,,,,,,,,,,,,,
P156,R103,A138,A112,A181,A160,A114,A81,A116,A142,A237,A106,A255,A108,A18,,,,,,,,,,,,,,,,,,,,,,,,,,,,,,,,,,,,,,,,,,,,,,,,,,,,,,,,
P157,R341,R654,R704,R871,A0,A255,,,,,,,,,,,,,,,,,,,,,,,,,,,,,,,,,,,,,,,,,,,,,,,,,,,,,,,,,,,,,,,,
P158,R398,R421,A138,A112,A181,A160,A116,A81,A142,A237,A106,A255,,,,,,,,,,,,,,,,,,,,,,,,,,,,,,,,,,,,,,,,,,,,,,,,,,,,,,,,,,
P159,R100,R791,A142,A112,A153,,,,,,,,,,,,,,,,,,,,,,,,,,,,,,,,,,,,,,,,,,,,,,,,,,,,,,,,,,,,,,,,,
P160,R155,A112,A181,A114,A142,A237,A108,A18,A153,,,,,,,,,,,,,,,,,,,,,,,,,,,,,,,,,,,,,,,,,,,,,,,,,,,,,,,,,,,,,
P161,R726,A0,A22,A142,,,,,,,,,,,,,,,,,,,,,,,,,,,,,,,,,,,,,,,,,,,,,,,,,,,,,,,,,,,,,,,,,,
P162,R122,R190,R656,R931,R967,A239,,,,,,,,,,,,,,,,,,,,,,,,,,,,,,,,,,,,,,,,,,,,,,,,,,,,,,,,,,,,,,,,
P163,R166,A38,A211,A245,A114,A164,A83,A237,A108,,,,,,,,,,,,,,,,,,,,,,,,,,,,,,,,,,,,,,,,,,,,,,,,,,,,,,,,,,,,,
P164,R404,R874,A160,A114,A116,A81,A237,A71,A108,,,,,,,,,,,,,,,,,,,,,,,,,,,,,,,,,,,,,,,,,,,,,,,,,,,,,,,,,,,,,
P165,R649,A108,A237,A114,,,,,,,,,,,,,,,,,,,,,,,,,,,,,,,,,,,,,,,,,,,,,,,,,,,,,,,,,,,,,,,,,,
P166,R159,A211,A235,A90,,,,,,,,,,,,,,,,,,,,,,,,,,,,,,,,,,,,,,,,,,,,,,,,,,,,,,,,,,,,,,,,,,
P167,R611,R797,A211,A112,A237,A153,,,,,,,,,,,,,,,,,,,,,,,,,,,,,,,,,,,,,,,,,,,,,,,,,,,,,,,,,,,,,,,,
P168,R606,A0,,,,,,,,,,,,,,,,,,,,,,,,,,,,,,,,,,,,,,,,,,,,,,,,,,,,,,,,,,,,,,,,,,,,
